installation_id,last_acc_group
554fc65a,2.0
76ed11ab,0.0
8123bc13,3.0
9e84f5ae,1.0
8182dff8,1.0
f10d8174,3.0
ae736714,3.0
554e670c,0.0
238c9dd2,2.0
d037d18e,0.0
b5aab463,2.0
3d08a609,0.0
50373520,1.0
17d6833a,0.0
f90e8b6e,1.0
55baa820,0.0
e18fce2c,1.0
88426d60,0.0
af6786f7,2.0
c658a11d,0.0
2adc00e9,3.0
8ef357ec,3.0
375690fc,3.0
9f0b2bdf,3.0
b9a85e97,0.0
aef2232d,3.0
dfe092dd,3.0
a5af7b49,1.0
51eaac51,0.0
07ae5a97,3.0
90db3a9f,3.0
cca4ffea,2.0
bca67a14,3.0
df5ead89,3.0
2c3c414b,2.0
19f0ad61,3.0
901ecfe3,3.0
31995662,1.0
f3e09002,3.0
260f7e45,3.0
f80821d2,3.0
063e3e02,0.0
792f1634,0.0
7a119e52,3.0
52b1bda7,3.0
040dbdbe,2.0
50a5f350,0.0
c9a2f090,3.0
44e93571,2.0
ca58d659,1.0
4615ab1b,1.0
39f23d50,1.0
9d63e750,0.0
53f2bbfd,0.0
63b921fb,3.0
61ad389c,1.0
ca1c4dbf,2.0
b4373bbc,2.0
c970188e,0.0
7138535d,0.0
b48d99fb,3.0
f2a08d73,3.0
daa9bcd8,3.0
d465fd71,2.0
3bd55510,3.0
4a902aa8,3.0
9e403400,3.0
2c85420f,2.0
ec9a823d,3.0
f18a14c9,0.0
18706205,1.0
fc30ec02,0.0
4957364e,0.0
c75aedc2,1.0
fa205703,1.0
53b3875d,0.0
b9c0d4e6,0.0
550ea542,3.0
62ef3dd7,1.0
62a55766,0.0
76684810,0.0
43ffb8cf,3.0
6a6d7e24,3.0
1f4be402,3.0
ac423bfa,1.0
2938c185,0.0
7fe23da5,1.0
42f03245,3.0
eb96dfca,0.0
b3343829,3.0
2f2ab766,3.0
f9445a41,3.0
a8744969,2.0
c6dbed0c,1.0
54eab980,3.0
6b8eab74,0.0
19d4b097,3.0
bb617bfb,0.0
e0ca53a5,0.0
f8df6c81,3.0
753857a5,3.0
abf8ac96,3.0
aa68cb79,3.0
aa38f420,0.0
60b6b084,2.0
90fa0186,3.0
2db1403f,3.0
1d990a85,3.0
9d8525ba,0.0
b4e8876a,3.0
c8ec52c1,1.0
eeac9a73,1.0
848f2806,3.0
91cafce7,2.0
56905cfa,3.0
0f47f086,0.0
1435f85e,0.0
1a5ec009,3.0
35cff99d,3.0
c4144758,3.0
77d93ad5,1.0
eed88942,3.0
6d7c3893,2.0
2df817bf,3.0
ad48acee,2.0
3f0f2fed,0.0
1192a921,3.0
e063a5d9,1.0
df18c892,3.0
51e81753,2.0
bbb84efa,3.0
83eb4389,3.0
79af68c1,3.0
f09a8269,3.0
19bf1284,2.0
88812720,3.0
846f6443,3.0
b600cb0b,0.0
3f1abed4,1.0
0e31fa8d,2.0
c0309d29,0.0
0429e1ff,2.0
0b2fe8e3,2.0
99e423f3,3.0
fbf57a7a,0.0
1ae140f6,3.0
23612836,1.0
c9ea90f9,1.0
1365c3d1,3.0
ee1f8244,0.0
8ae0c615,3.0
aca5d777,1.0
a5c1d52c,3.0
7153cb9b,3.0
1df9a1d0,3.0
d8497790,3.0
2e6c5ac7,3.0
13504def,3.0
18459039,3.0
772570fb,3.0
61d105aa,3.0
d17475d3,3.0
4aaf5a7c,2.0
129ae199,3.0
3f367311,2.0
30fec3ca,3.0
fb91172c,3.0
887ce1c0,3.0
dee47e04,3.0
c64f524d,1.0
ee393f35,3.0
de0a0baf,3.0
d267cde7,3.0
0e70dddc,2.0
628735ac,0.0
232e7bd4,2.0
89f474b6,2.0
50633b1a,0.0
46349192,3.0
42aedefa,3.0
8a28d2bd,0.0
47b4211a,3.0
48cb2879,2.0
501373e2,0.0
409a3480,2.0
e2847d33,1.0
b07bbc5f,1.0
03cd458d,3.0
db2ab253,3.0
9f7fca27,0.0
416398f8,2.0
027b3c4c,3.0
fc4ad96c,3.0
53083f20,3.0
cb761f5f,3.0
ad80a1df,3.0
8e852635,3.0
4d20ca97,3.0
ea40f8dc,3.0
30ad064c,0.0
eca4e454,1.0
bedfb902,3.0
73aec158,3.0
22c46c3a,1.0
0ec92788,0.0
29d1aaee,3.0
d76afe56,0.0
6dd06b16,1.0
51f0924c,3.0
d4ce137a,0.0
5e4099b2,1.0
922ddbd6,0.0
52d6de32,1.0
f6f67e3e,2.0
30f9645c,3.0
60283b63,2.0
4408d92a,3.0
edb85d92,3.0
c1947e4d,1.0
5cef8ee5,0.0
a767438e,0.0
c808c20b,0.0
14c0df75,1.0
dbab8519,3.0
16218a6d,3.0
7f012464,2.0
4ca5b732,2.0
5fa4925b,3.0
31701a28,3.0
f88ded11,0.0
7dcda0ea,0.0
d84dc580,1.0
24f229fb,3.0
6cc7ae2e,0.0
5cb7a81e,3.0
3c098a20,3.0
dfca2f03,1.0
f445fb81,1.0
0413ae4a,0.0
8ed93525,3.0
69a2ad34,1.0
99af1ce6,3.0
a04ef4b7,2.0
107e6f09,3.0
691d465a,3.0
dbe1cfbd,2.0
9a6db1b6,2.0
4401afb5,0.0
ffc90c32,3.0
6d8fe711,1.0
26ef4a4a,3.0
bb4e4459,3.0
6614d81c,3.0
3d9c468d,3.0
475b2709,0.0
b778258b,2.0
16b9aae1,3.0
f8c01999,0.0
28433ead,0.0
0fa644f7,0.0
30c18e53,1.0
bfb5f7d2,3.0
11bc89f6,3.0
e1821de7,1.0
685922d9,2.0
e55aee42,0.0
a89137ad,0.0
3838dfb8,1.0
15546c59,3.0
026035e9,0.0
ea3283ad,3.0
cc7f890b,2.0
6f7ffb2d,0.0
123a40a1,0.0
51809af5,2.0
074b4825,3.0
1968e1ac,3.0
905e9d66,3.0
ad0b68a6,3.0
1813c8a6,0.0
754ec05d,3.0
6231f60c,2.0
d792d001,3.0
ea4e6a5e,1.0
b73fee93,0.0
808a6e72,1.0
5f71e86a,1.0
95a90b82,3.0
124beffd,3.0
43ccecc0,3.0
96debc92,0.0
3ecb1ca7,1.0
80bfe6d0,0.0
6013f313,0.0
eef0820e,3.0
44a7ca78,0.0
450aaf12,3.0
29b12ea2,2.0
4f0f3d90,2.0
4f127057,3.0
7f8d0e15,1.0
68ad5f92,2.0
d51f3e95,3.0
906b1791,0.0
b7774f6e,0.0
d25338cb,0.0
81b1f135,3.0
4d54c694,3.0
8a411bf0,3.0
48d57f4a,3.0
7e9567aa,0.0
9bcb42c1,2.0
722676d4,3.0
8440941f,2.0
d34cf7b6,0.0
6fbc5ee2,0.0
d74e8d49,0.0
aa9baa1b,0.0
4d512d60,3.0
588786c9,0.0
ba7d6f0b,3.0
08eee52e,3.0
dbb42def,1.0
265bfa7d,3.0
515be301,3.0
5b2645e3,1.0
b704547e,0.0
8dfc9c07,3.0
d45efa48,3.0
f47c09c3,2.0
740a92a8,3.0
5fd00c8c,1.0
99c37647,1.0
8c347aaa,0.0
821a7afc,0.0
293b1825,0.0
2d6d1ecd,2.0
b5df0774,3.0
89c62e1e,3.0
9a970c94,0.0
a80ca8f7,3.0
84c277b4,3.0
4c53711a,0.0
2fef95e7,0.0
40894fa0,1.0
0d8cdec2,3.0
d9d97a45,0.0
9f40ab5f,1.0
9661ddd4,3.0
0f5b30fb,0.0
e45c15b6,0.0
b46880a8,3.0
396c8b53,0.0
436d5ed2,2.0
adf4241a,2.0
39e0ca0e,3.0
fe488283,1.0
40a1a6ea,0.0
322f7ea1,3.0
9d3eb33a,1.0
9d43df2c,0.0
953b0187,3.0
a517aa67,0.0
9c2db749,0.0
488141b8,2.0
af05a66b,3.0
fe4d880a,2.0
04a5927d,3.0
cdc51fe2,3.0
999951fc,0.0
06435d15,3.0
3738f1cd,0.0
1b25f68b,2.0
d03d6006,0.0
27f5fc57,0.0
c6f5e38c,3.0
96b02f25,2.0
29d667aa,3.0
45d94477,2.0
b8e96319,1.0
11052b00,3.0
1b4ff2dc,3.0
69f01f3f,0.0
4483cbc3,2.0
a59ec7a4,2.0
b480d272,3.0
bcf18b3e,3.0
0f35f808,2.0
2c8998a6,2.0
63da13db,0.0
377cee6e,2.0
04fbee62,0.0
c6819da6,1.0
47fc648c,3.0
24c2e756,1.0
6f680ab3,0.0
0478b042,3.0
98023c66,0.0
03f89040,2.0
32ee1b00,3.0
115c97cc,0.0
71ff0bf4,3.0
1c8fd41d,2.0
281f09d5,0.0
991e453e,3.0
a21ea2fd,0.0
a3865e2d,0.0
321fbc89,0.0
df7ba9aa,3.0
b7493efe,0.0
0a0b1178,0.0
503c1a79,3.0
5264c0d3,3.0
b882a64d,1.0
130a0090,2.0
2a6efccc,3.0
78c0f702,0.0
eb4a79a3,0.0
3b2b8f9b,2.0
9bb7ef44,3.0
d78e5be8,2.0
091d51e8,2.0
17d0baa0,3.0
4ba37cbb,0.0
5f251e6d,3.0
c7ec85d2,3.0
78fab071,1.0
a0697c4d,2.0
75e4e72b,0.0
31dad13d,1.0
99b13494,3.0
16a27f19,0.0
c3f596e5,3.0
976d0410,0.0
0fa2ac20,3.0
50c49551,3.0
18841c7f,0.0
dd0666c7,2.0
1e51428a,3.0
33e41b33,1.0
e3082d91,3.0
9a037ab5,0.0
83c0c067,3.0
69ec51b9,3.0
6b984505,3.0
2cb958cf,1.0
448ec0ef,3.0
975419a9,3.0
a2c3758a,0.0
882c832c,3.0
d8ac68c3,3.0
f726e95c,3.0
19f7f9ed,0.0
c32c1057,3.0
7bce51f4,3.0
8e1c28cd,3.0
5d7aec27,2.0
4af81c8e,3.0
c2003847,3.0
c00725b2,0.0
8badd2ee,0.0
ded5df29,1.0
7f286a4f,3.0
c997de55,3.0
9f37eeda,2.0
e7835bb3,1.0
50fbc866,3.0
bdaa5305,3.0
3d468987,3.0
072a25ac,0.0
7072eb19,3.0
183bed63,0.0
ab4ae74d,1.0
10b95d3e,3.0
1091d87b,1.0
f8bf28af,0.0
a564233c,3.0
e8d488e0,3.0
2c4f896e,3.0
246b6df7,2.0
7c21248e,3.0
b62c3943,0.0
9b6c5e60,3.0
04240fb1,3.0
fd6e3ad6,3.0
d62684c8,2.0
c0d042a1,0.0
27949ce8,0.0
59b27a13,1.0
02b1fab4,3.0
cde4f09d,0.0
71788224,3.0
30b2518d,1.0
0864d9a2,1.0
2e280a49,3.0
1390933c,2.0
db6503fa,3.0
4b8d46fb,0.0
55742a1e,0.0
9e46b8e6,3.0
ae3979a0,0.0
e887cac9,2.0
1cb7456d,1.0
ded5650c,3.0
e2d7188c,3.0
768dc66d,0.0
a057a188,3.0
f22c542f,1.0
fc32e3cc,3.0
b45571b4,0.0
7b504339,3.0
b19b170b,0.0
726f28e2,3.0
5a08c899,1.0
16a1c85a,3.0
b1fd1f0f,2.0
16e07456,2.0
89279aa4,0.0
d027ba5c,3.0
71b1a837,0.0
fab1f445,3.0
134597df,3.0
c3e96fd6,0.0
505c0a39,1.0
7e10699c,3.0
8289972e,3.0
c2442b9e,1.0
4c186844,0.0
cfaffd1d,3.0
00e536bf,3.0
5cd83c0a,0.0
7436b7b6,2.0
243d6bd3,3.0
fd242541,3.0
4111736b,3.0
f0ec68a7,3.0
54d91d26,3.0
0f2e23b4,0.0
6f7a3f08,3.0
7209c123,2.0
9de1a771,3.0
608e5654,1.0
b8d88afe,1.0
6523b94b,3.0
f2f89fa6,3.0
099a3ab8,3.0
4e14eba7,0.0
fc52a88f,0.0
e5379c20,3.0
6683eb87,0.0
25950822,3.0
2d0a6638,0.0
12b80194,0.0
63c5b475,2.0
b5cec608,3.0
e904fe7f,0.0
4161c7c6,2.0
659fdff8,0.0
7a7a8015,3.0
93c64617,2.0
c940e5e7,3.0
1c180647,1.0
9652dc9c,1.0
433d1096,0.0
8a8f5e6d,0.0
c6695e15,1.0
41d97a20,0.0
c74ba7f9,2.0
e7f87673,3.0
31170e6f,3.0
3dd5c65d,2.0
09a22787,3.0
e0e03cbf,3.0
af46ae35,3.0
c09a7f4a,3.0
52cbb26b,2.0
8bf753a0,2.0
97175e1e,3.0
25d3e9af,3.0
ca111dc8,3.0
df4e4a67,1.0
b7d83171,3.0
9c4f266e,3.0
9a10c83d,2.0
fb744280,0.0
077173b2,1.0
7821410b,2.0
cfd6a629,1.0
b91004f0,3.0
530baba5,1.0
6a7b1b7a,3.0
55ef8814,0.0
35e5b972,0.0
ca02657f,1.0
e4c57aab,0.0
f3e30847,0.0
127a663b,3.0
7dd184f3,3.0
5b884149,0.0
08987c08,0.0
b0a712c8,3.0
33431b63,2.0
d45dcd4f,1.0
2a7d0473,3.0
004c2091,0.0
424232fc,1.0
b57e4a95,1.0
bb52bd26,1.0
aaa7786c,0.0
108634a9,0.0
f77c6a10,0.0
803320c9,3.0
eb6ecf25,3.0
353848da,2.0
5db0c556,1.0
2b948865,0.0
0006a69f,3.0
957f0606,3.0
2fe3078d,3.0
5afef704,3.0
0b9df2fe,3.0
65e940b5,3.0
4123b28d,0.0
607a2264,1.0
44b6886a,0.0
e807f0e6,3.0
0cec1323,0.0
1eb5b4d7,3.0
9644f005,0.0
f3a4e67c,3.0
d3f3a66d,3.0
6d24ed40,1.0
55ed3f08,3.0
b0218219,3.0
28c61280,0.0
5fc2edda,1.0
9fdd2edc,2.0
4a13aa47,0.0
76375268,0.0
0b6d68e5,1.0
a5d8f127,1.0
611b6d0e,3.0
62d1d90b,0.0
c9ea32e9,1.0
3b3fab03,3.0
30e38068,3.0
eea13247,2.0
8d2f2884,3.0
1e819b97,2.0
82827ebc,1.0
abca6f9e,3.0
a64e3ce2,3.0
5f7418c9,3.0
ffd2871d,3.0
97c6d02f,2.0
12a9a35e,0.0
62ddb449,3.0
41e7f600,3.0
84283ceb,0.0
3893cbc7,3.0
b721b5da,0.0
f4363897,3.0
19a910b3,0.0
179a11b2,3.0
53411bce,0.0
f225addd,3.0
9e3b2f92,0.0
78cacfd1,0.0
7f19d8c2,3.0
5de76f84,0.0
ecba71de,3.0
bdbcd291,3.0
05118f81,3.0
703b8016,0.0
e0317d16,0.0
efa31376,3.0
ed876250,3.0
08a47256,3.0
0a90d04c,0.0
b44d8d86,3.0
44cc1631,3.0
c7fc935e,3.0
02875dc2,3.0
9708c91d,0.0
78f9789f,0.0
3b2a487c,3.0
c916ea43,3.0
b8b7d6f6,3.0
002db7e3,1.0
b9134e58,2.0
56f61a2e,0.0
03a5b006,2.0
63f8e904,3.0
292f912b,3.0
d99ea824,3.0
45e6e334,0.0
0bf95a69,3.0
b083a2df,1.0
b7101fe6,3.0
2a19b836,0.0
a3079715,3.0
d4d219e2,0.0
fc0264ca,0.0
14fffed5,0.0
c7f1c288,3.0
915f355f,3.0
75db014c,0.0
1b11d9f3,0.0
909f8d2a,3.0
ac5f979a,0.0
52fb5f02,1.0
5f99269c,3.0
3a22e1df,0.0
7c49510b,3.0
a9157cbc,3.0
b295dd4f,0.0
b9fb9125,2.0
eff9abaa,3.0
21691319,3.0
45427c70,0.0
b61cf4fc,0.0
96979008,3.0
35c1abcf,3.0
cf65f89d,3.0
b1c3c6a9,0.0
2f54c2bb,3.0
f2df7050,3.0
3353217d,2.0
02cdfffd,2.0
4eca440f,0.0
7384c6f4,0.0
57d2041f,2.0
50f3b41e,1.0
3daab4ba,1.0
781a1362,3.0
59d30bfa,3.0
ae4685c7,1.0
7545b979,3.0
c66d0790,3.0
17b3c2ba,2.0
a6007735,3.0
b97547cb,3.0
153d137c,0.0
7dcc999f,1.0
cdb3eee6,0.0
f4651de7,1.0
c87be15b,3.0
55bea02b,1.0
42e0d483,1.0
7f6b19a2,2.0
2cf72cc2,1.0
fd97b5b2,0.0
494eec4b,0.0
0fa3edde,3.0
11c1f6e6,3.0
be1ec38c,3.0
ba5d06eb,3.0
662e19b4,0.0
7e14f5db,3.0
b3ce385d,3.0
f605e2d5,2.0
9ca8a4d1,1.0
cb3eaf98,3.0
c5147ff8,0.0
8e6996b6,3.0
00279ac5,0.0
4d7392c0,3.0
c1b7df3e,3.0
f1befae2,3.0
2bf81ef1,0.0
47748670,1.0
690a7887,3.0
fe73bf4b,3.0
0cc2a247,3.0
e9bbbeed,1.0
70eaef54,3.0
6272cc94,3.0
38509434,0.0
1f71eb61,0.0
5b6c12c8,3.0
f91aede1,0.0
f9415873,0.0
7cea120a,0.0
d447df77,3.0
81cf5a34,3.0
7aac2edb,2.0
8870b62c,2.0
8015e006,0.0
37f5416d,1.0
41642173,2.0
a1854d81,3.0
ebe68401,0.0
ef7cc04d,0.0
96c350e2,1.0
8cd1cf19,0.0
98e4a512,3.0
9f900351,3.0
4228fe3b,3.0
00e17272,3.0
4443cd88,1.0
f427161a,1.0
d2926707,0.0
7f232095,3.0
9e579f54,3.0
5e088963,3.0
5232c68b,3.0
8fb10f50,0.0
8a34fb0a,0.0
2379e42a,0.0
2e38f144,1.0
e1ae29e8,2.0
4c6bf86f,2.0
546bc6fc,2.0
93fc4f74,0.0
1b8df104,1.0
9af4d76b,2.0
685d9ac8,3.0
cc1f941f,1.0
98f2ab8d,3.0
f1c21eda,3.0
4056d487,3.0
c195a425,3.0
4d2a5e4f,0.0
b817989c,3.0
0607efb8,3.0
661634ab,1.0
107c95d8,3.0
caa11545,3.0
023c4bcb,3.0
14b2c464,0.0
3b06140b,0.0
e06e3559,3.0
7bd3158f,0.0
a5da69a2,2.0
87453f81,1.0
6222b811,3.0
af0a1c2e,3.0
dbc0118b,3.0
286965cf,3.0
d3343973,0.0
d9a5da1e,3.0
51150989,0.0
3dc1fe35,3.0
95c42468,0.0
69152899,1.0
d09c44d1,1.0
f9296363,2.0
905237ba,2.0
5e6ed2dd,3.0
5bb1a567,3.0
9bf2c48f,1.0
cb945fe6,3.0
b03402e1,3.0
3e4d6151,0.0
912c157c,3.0
f4709876,3.0
31aea1fe,0.0
a3842e12,3.0
8169e80d,0.0
6ab702d4,0.0
f774b835,2.0
8a0ac1f0,2.0
cdde38dd,3.0
daacf9a9,0.0
4752af38,3.0
ce725a23,2.0
bd0c012d,3.0
c6817a41,1.0
f7ffd521,3.0
71e7d049,0.0
703389b3,2.0
cd778e80,0.0
5a217c74,3.0
66720918,0.0
e968228e,3.0
ba81fe41,3.0
93b35d59,0.0
c1531f0b,0.0
baef013a,3.0
6ba1b797,3.0
9a6ffb62,2.0
7d9d60e6,3.0
7b4efe7b,1.0
96b6613e,0.0
f63eaa63,3.0
281e0b40,1.0
8f3da782,3.0
63ecedad,2.0
18315690,2.0
2e06e291,3.0
31dbb558,3.0
ccb72ed7,2.0
50c57027,1.0
bbb74edc,3.0
b246bf83,0.0
b9c0168a,0.0
efff6335,3.0
d510fc94,1.0
62c4909e,0.0
12c8ca47,3.0
3df30779,3.0
56b1d667,2.0
e21c0833,2.0
7d813da2,1.0
fa14af61,1.0
af822369,3.0
d768e092,0.0
c38ab8da,0.0
543c8382,3.0
37892700,3.0
55438529,0.0
484c8d04,2.0
37f162a4,1.0
96336a3f,0.0
e0f4d9a6,3.0
758bc502,3.0
4708c14f,1.0
0b80b297,3.0
4bf4379b,0.0
71c1179e,0.0
a5ef5a46,1.0
d0c2febc,3.0
7fbe0999,3.0
a2691355,3.0
9884f9f3,0.0
1b2aeab1,2.0
8a0ef860,0.0
83d169be,3.0
f7462cd8,3.0
12a9e4fc,2.0
00a53963,3.0
d830c991,3.0
4ea9fc99,3.0
b64d5b27,3.0
f827f848,0.0
593936dd,3.0
222cc74c,3.0
75ff267e,0.0
eaf94a5f,3.0
497fd04d,0.0
d4ded596,0.0
5768096f,2.0
58798492,1.0
e04bb11c,1.0
0d9d00d2,1.0
31597632,3.0
8f29311d,0.0
dd4cc774,2.0
819a187b,3.0
7585b0b6,2.0
a9d8cc4b,3.0
85ba760d,3.0
9a6236e5,0.0
ff9715db,3.0
c5ccb7c6,3.0
ca4ab28d,1.0
04e2712b,2.0
9dfc3ebb,3.0
13c26706,0.0
95395a66,1.0
c0aee69b,1.0
47143042,1.0
443722fc,3.0
d636485f,3.0
dd967567,3.0
05047409,3.0
d4bdaa1b,3.0
2836f356,1.0
6c5d7464,2.0
22146a34,1.0
f1147761,3.0
4287d12e,2.0
c7f63bc3,3.0
d1f83ebf,3.0
7226f99d,3.0
9329ad7f,0.0
1d10c898,0.0
7608c5d5,3.0
ee8b4ad7,3.0
82f091ed,0.0
ed9e9efa,1.0
858ace47,0.0
1865bd64,2.0
f2538701,3.0
c551fc8b,1.0
33a40a24,3.0
c3b1e28d,2.0
85697782,1.0
a30a4de2,3.0
fcb0a469,0.0
2977c68b,1.0
a9f58e08,3.0
75e63f7a,3.0
d0fbb1e3,1.0
6a39505f,0.0
0293ae74,2.0
fa338e78,2.0
f1a33aa1,1.0
5cf93fb1,3.0
cdb22ca7,3.0
9918fb8d,3.0
d898495e,3.0
36bd989b,3.0
a22c467f,3.0
c626b9bc,2.0
69b97327,1.0
0328fc8f,3.0
16d4f3e6,3.0
1b142503,0.0
c5aad7bb,0.0
11353e10,0.0
4ccb19fa,2.0
c21ed2f4,1.0
f5116362,0.0
57c583d8,3.0
043e7f32,0.0
191884de,2.0
6755df0e,3.0
fccdeaaf,0.0
3f11dd13,0.0
68f346e9,3.0
10734096,2.0
c5151af8,0.0
f17dd9ce,0.0
3f01a6f6,1.0
9bc0aa21,3.0
db54d00d,3.0
f60c7f9e,0.0
2abac457,3.0
20b0a1df,1.0
1e24f5f1,3.0
c7d011ce,3.0
2983a7b6,3.0
6be3bacc,3.0
b10c00e0,2.0
f02a119d,2.0
9a30e83b,3.0
824003b4,0.0
7e509524,1.0
8056d852,1.0
5dd7b740,0.0
d082ec77,3.0
e3df1794,3.0
2b2ba346,1.0
cb586bd7,3.0
8d13b6aa,0.0
421e9404,1.0
571e1cfc,0.0
a49b4389,3.0
3e974f1a,1.0
57bbe2e1,3.0
eef2d053,3.0
8e44d2de,3.0
2f171282,3.0
86c58053,1.0
2d7762bc,1.0
41b12fcc,0.0
9cce8259,3.0
9d083b79,3.0
a4b77308,3.0
4ba08ec6,3.0
7e47c64d,1.0
d67676c4,0.0
2ea676a9,3.0
5640400c,0.0
844ffbe2,3.0
6e3b8bc5,3.0
bbcf36f6,0.0
0be831c0,0.0
86e9c48e,1.0
2cd281b9,3.0
52f9769b,0.0
85619fc3,3.0
664b49db,3.0
efeb3594,0.0
41f34b23,3.0
de5194be,3.0
ce318a17,0.0
0583693e,0.0
bb318e90,3.0
8fb89828,2.0
9ccde0f7,3.0
98e5e773,3.0
e01e9843,3.0
d54da8a4,0.0
ac5119e4,0.0
bbb25771,2.0
be9e7422,1.0
d25405ae,3.0
d3849f22,0.0
2c676054,3.0
f002d4bb,0.0
60ea80b0,3.0
20d7ed1e,2.0
a236c419,0.0
6b83dce0,2.0
49cd2c20,1.0
f4af790a,1.0
21007a23,1.0
eeb05c1f,3.0
6ea498d4,3.0
a2f18196,0.0
5b3cb08e,3.0
230b4b6e,2.0
eac88d7c,1.0
12d91fc7,2.0
2ffb27f9,3.0
d82210f4,2.0
d2803718,3.0
1a1c88f7,3.0
6d394bf9,3.0
2f471329,1.0
b0362800,3.0
a7f3c978,0.0
353cee0e,0.0
c5f5eaec,0.0
23b22c52,2.0
1c41b8b2,3.0
1e3ec615,0.0
206e5f51,2.0
518d2509,1.0
a25f69aa,1.0
89eab7de,1.0
0153c957,0.0
c5ef59a9,0.0
5c0ec069,3.0
04c612fd,3.0
3ab4f204,3.0
3d0b67e3,3.0
d81d6844,0.0
d3552f0a,0.0
84e00045,2.0
73348e84,0.0
7432d976,2.0
d644e213,3.0
114a661c,2.0
3f7849e3,2.0
447e711e,0.0
b472a991,3.0
21aff3e0,1.0
77e7bb55,0.0
2212586b,0.0
6ce4da99,3.0
912ae0c2,0.0
73e66858,0.0
b47ab8d8,1.0
b82e4aa0,3.0
a7ef9e20,1.0
47858dca,0.0
9b7d6baa,1.0
717f1d3a,3.0
e23abe55,0.0
fc70e779,0.0
e27e5b70,2.0
cb96413a,2.0
66d8c823,3.0
a6769468,3.0
7317beb6,3.0
ac08033c,0.0
96712e61,1.0
27418ceb,2.0
82fbb778,1.0
05bc97c3,2.0
b67536dd,0.0
b9e2a585,3.0
2e6d8334,1.0
534d42ed,1.0
dd38a11a,0.0
9e6d6e1b,3.0
26d524bb,3.0
26c49948,1.0
ad0c2a41,3.0
ae0f7613,1.0
d8912d1d,1.0
2c445570,0.0
f130b3b5,0.0
f1464e0d,3.0
3ed90167,3.0
6f24dba2,1.0
221d1857,3.0
7e5dd8ca,0.0
fe9f9b60,0.0
56983028,2.0
c23d6178,1.0
73a5310e,0.0
4e82897e,2.0
06362232,0.0
14142f8f,2.0
f3f4e6d1,0.0
e6828a70,3.0
897551e2,1.0
27224ec1,3.0
a31288d6,3.0
17a784cb,1.0
3205d05b,0.0
ac2cc5ce,3.0
a27e1ee9,1.0
109a4bce,3.0
16276a94,3.0
ab1cad03,1.0
8c67aca8,3.0
30faa211,3.0
5eda8452,3.0
7d351303,1.0
25ff0f8e,3.0
bcbb220e,3.0
888e86e2,0.0
3dbbde1a,3.0
349ecc0e,1.0
52761bad,2.0
c0e52312,3.0
ea15ddaf,0.0
df56fc52,3.0
14e76b17,3.0
73a521e8,1.0
ac3c5067,0.0
b957961f,3.0
30689dec,0.0
3054e1dc,1.0
d5bc3d3d,3.0
41178d5e,3.0
f482fa2b,0.0
4e51af2e,3.0
83c16842,3.0
2c183ed4,2.0
1335d915,3.0
e87643cb,0.0
abaadb4c,0.0
6c382099,0.0
37e0d8b9,3.0
0be4126e,0.0
bb04214e,3.0
68eafb12,1.0
37d577b8,1.0
331e62f7,0.0
fada669c,3.0
31cca637,3.0
cbb21946,3.0
d5b90ea8,1.0
df4eed43,2.0
ca28581d,3.0
dbe71ebc,3.0
e34f8b5c,3.0
576f27a2,0.0
046234c2,1.0
1014b8ac,3.0
7564d459,3.0
48e6e4b8,2.0
2b381903,2.0
17f01389,3.0
b39425ee,3.0
88ece028,2.0
5865c123,1.0
67f82169,3.0
633f909b,0.0
e95d2e94,3.0
6cf82ce0,1.0
c435119e,0.0
9f0955e0,3.0
bc1e710c,3.0
52f3688e,3.0
8b384f5c,2.0
b4ffc90a,3.0
15b84ab7,3.0
512eba06,0.0
ecbc5fb0,0.0
462b078b,3.0
ca2b577e,1.0
a573af0f,2.0
0e06b371,0.0
9f399a3a,1.0
d418b123,3.0
24e0caf9,0.0
d35845f2,0.0
78dbdfef,3.0
62372648,0.0
1690f5a2,3.0
61bd0825,0.0
ecd06d90,3.0
0fdd65f6,0.0
b5df2860,0.0
d8a75898,1.0
5c5012cd,1.0
bfe5ddfb,0.0
90228ec2,3.0
78533e66,1.0
d8a3db96,3.0
aafddf4a,0.0
be17bf06,2.0
d4ac5220,3.0
182b7671,1.0
212da6c0,0.0
d596f097,3.0
b1fe8fd7,3.0
5ca747e7,0.0
4dd2c3f8,3.0
bba914f4,2.0
7730e876,1.0
6205eef8,3.0
25dfef88,0.0
5a72d32d,3.0
f822562a,0.0
a2f74850,3.0
c8a3f394,3.0
502f973f,1.0
58a7ced3,0.0
2b2ec2df,1.0
98f51388,3.0
b0f13ef1,3.0
cd31cafe,2.0
23dfe778,3.0
298479bb,3.0
6042663e,3.0
b15450e4,1.0
8185df72,3.0
25c970ca,3.0
2d178b46,3.0
845e7780,3.0
bc47c2bf,3.0
35fb0787,1.0
c4f6730d,2.0
46ff1c39,2.0
cce7cd3b,0.0
dc220be1,0.0
4e9c6979,2.0
b1f7ca9b,0.0
a139c1d4,0.0
604670bf,0.0
6e6abb1d,3.0
cf761a2d,3.0
ac287df4,0.0
464f634a,3.0
508723ed,3.0
1bfc9ff2,0.0
c4d97f46,3.0
c1db85a0,3.0
cac25773,1.0
326c5547,3.0
91f083ab,0.0
dc5cb136,3.0
e93716dc,0.0
06e6a3e3,0.0
6d17d999,0.0
5a5503aa,3.0
49ee3af8,3.0
6b0ca96e,0.0
03b74be5,0.0
06f12094,3.0
75664224,1.0
8dde4f30,3.0
d0363371,3.0
33055146,3.0
7c66d28f,3.0
85c1687b,0.0
d3946ce0,3.0
c868e5e5,0.0
72feea62,0.0
12064b31,3.0
63291b4f,0.0
790ac84c,0.0
1098ba58,2.0
9cefacd0,2.0
21d736be,0.0
f94c2ec2,3.0
c60bdeaf,3.0
a07ed79a,0.0
25eefcc6,0.0
8d8a56f2,0.0
53c44c05,3.0
ba6381a2,0.0
bb1489a2,3.0
a25f4846,3.0
2ff7b20e,2.0
2bb6d155,2.0
e567dee1,3.0
f4ca9e73,3.0
2204b983,2.0
eeba4681,0.0
d170a6bc,2.0
4378b5ec,3.0
19722076,3.0
8d96d57a,3.0
fd8ee8db,3.0
827a38ba,0.0
1c5011af,3.0
06d28015,3.0
6261d3de,0.0
aef141b7,0.0
30fc94a9,3.0
19e3c8b7,3.0
484af773,1.0
575076ea,3.0
f5f283a9,2.0
5276b288,3.0
1e7731ca,3.0
b69d5756,1.0
5cf6b5f7,3.0
a328bc77,3.0
f8770e69,0.0
f8961941,1.0
e5e672e3,0.0
1aec05d4,0.0
5471f682,3.0
be98dafa,0.0
3254c82c,3.0
f30f1e87,1.0
1af82d0c,2.0
7d7da305,0.0
050f6d04,2.0
5e607c7f,2.0
3e4f5371,3.0
20c21767,3.0
cf2a3a60,2.0
8d91042a,3.0
f2d30862,2.0
ac0ed62e,3.0
dc69189b,1.0
92eafa1a,1.0
280d21e1,3.0
6ea52627,3.0
0f568eb8,0.0
bcd0fa07,3.0
525091ae,0.0
cc477c74,2.0
b3409a38,0.0
33c1f79c,0.0
758bc582,3.0
efd5967f,3.0
fb9b2d13,2.0
1f3b5454,3.0
ff107709,2.0
95f19f02,1.0
93f5d648,0.0
bb0b701d,0.0
8d912b4b,2.0
df90544d,0.0
03c5998d,2.0
6dac8a6c,3.0
cd575d77,3.0
1f1d6953,3.0
866da084,2.0
936b2abd,0.0
d03f45f9,3.0
e3612d10,3.0
9d595f2f,0.0
3b7bd089,3.0
4d2f1f5e,3.0
551aa30d,1.0
4563c9f4,3.0
d559bf42,0.0
b021eb99,1.0
71c910b9,3.0
4e4f5c79,1.0
1ff68ad6,2.0
26f7f2cb,0.0
22cd0068,3.0
cb83c4a3,2.0
dcdd24ef,3.0
05a3ae61,0.0
7caa81d8,3.0
31f1aa59,2.0
6edc7710,3.0
678a1381,2.0
e14671e4,0.0
74b93b04,3.0
a9c74b72,0.0
a8e6105e,3.0
5344976b,0.0
93e734d6,0.0
1c5a0788,3.0
07861450,1.0
0a313708,2.0
7adf6b55,0.0
21ad5f50,3.0
d6652692,3.0
cda83994,1.0
f09672aa,3.0
6d7bfd97,3.0
b2140cf6,3.0
9a5f1f3a,1.0
753b0a47,0.0
14735217,3.0
49d447b4,3.0
d9073d30,0.0
fe5f0699,0.0
4de753a1,1.0
ad3f6c28,0.0
438902fa,3.0
10f7bed2,3.0
89dd1902,2.0
080f9689,0.0
a917d95c,2.0
96d959d5,3.0
08e5c4e6,1.0
0ef56279,3.0
31ced803,3.0
dedbb518,0.0
2a128809,3.0
4685f636,3.0
1edecf49,0.0
d7f0d1f0,1.0
e3c9913f,0.0
b85f8f25,3.0
c72e8d74,3.0
d9256796,2.0
1873b0a0,2.0
856e7225,3.0
1711805c,3.0
4a1deecd,1.0
d528a9ed,3.0
45cf9ada,1.0
9e0b0a8c,3.0
d2559af7,1.0
0633cad0,2.0
9f19b541,0.0
6eba02ec,3.0
120f5bba,3.0
8f8bad94,0.0
1ab1f8b4,3.0
9451489b,2.0
c9fed3c0,3.0
446d6d10,1.0
d5059e13,0.0
3034eec6,2.0
adfb3dfb,2.0
c9cd99ae,1.0
518a3f1f,1.0
869c2f40,3.0
8af67610,2.0
88ec5dcf,2.0
d021b283,3.0
1a072d1b,0.0
3f67358b,0.0
ae4a0da1,0.0
3888dad8,3.0
b6aefdc4,1.0
6b662136,3.0
a1a044e2,0.0
9cb84bec,3.0
03e38765,3.0
cf1f6fe1,0.0
9b490a3c,3.0
cb354776,0.0
f49a434e,1.0
da4f7f4a,0.0
1850d3ca,0.0
7a4f71d0,0.0
2d569b6d,2.0
39f17a2c,3.0
639b9091,3.0
f6ddbc4c,1.0
46dad333,0.0
88c289de,1.0
0f07e13a,0.0
1752d7f9,3.0
d0f34f44,3.0
177f44e8,3.0
0dcda606,3.0
460789f7,1.0
83134a9f,0.0
68a6828f,3.0
c9dc17ad,2.0
39eba5b9,0.0
86e75de1,0.0
ac0958c1,0.0
912ab307,0.0
c4517391,1.0
92796cc2,3.0
561b69c4,0.0
9a50f8b8,2.0
19069efa,3.0
3cc16a0f,1.0
e4542fba,0.0
9591b4ea,3.0
ba034fca,0.0
baedce19,0.0
db5452a9,3.0
23bec3a2,3.0
65180adf,1.0
ff9305d7,1.0
d10fa11d,0.0
5b0717cd,3.0
cebe0f45,3.0
c19ef80e,2.0
886a9332,3.0
ff3e1e35,2.0
90576156,3.0
645f212c,0.0
f38f3360,1.0
5a4a4a0b,0.0
3ef19ad9,0.0
31f4e863,1.0
262220a2,0.0
b0783baa,3.0
edd84001,0.0
9e4b248c,3.0
1e4ec97f,0.0
62f72b01,3.0
5b1bcdb9,0.0
24745e8e,3.0
ea11fbca,0.0
cc692aa6,0.0
77caf0cb,2.0
bf316efa,0.0
7d1174bf,0.0
d2ed5f9b,3.0
8b81b203,3.0
a183bb88,0.0
7c12e644,0.0
b8f288a2,3.0
7742c958,0.0
e0e5ad6c,3.0
a8daefad,0.0
65ff76dc,2.0
0155dd86,0.0
48ca1b10,3.0
fadf8782,3.0
894c6dce,0.0
decd4413,3.0
2bcbf99b,3.0
7cd947c1,3.0
1b8cbfef,2.0
2e716b10,2.0
429100bb,2.0
bcddf982,3.0
ec1739d2,0.0
c87a8d53,1.0
ea9e5eb7,2.0
fd5385c7,0.0
8a71d796,2.0
9cef2059,3.0
84e2aeba,2.0
3d8e6b3d,0.0
f3341f49,2.0
53bfa190,2.0
dfd47f48,3.0
07c25408,0.0
0e0a3652,3.0
978fc68f,2.0
705510ca,3.0
8933abc7,3.0
5fe2e727,1.0
6c110c24,2.0
f9bfec85,2.0
da59e22e,3.0
6ecb42db,0.0
05b198a5,3.0
e085fdf0,0.0
961879cd,0.0
bb2f73a9,2.0
61af4807,2.0
4276a1a6,3.0
8f2b8c82,1.0
5a275704,3.0
241a0a60,3.0
61a64d56,0.0
c79d621e,3.0
48443efa,0.0
535c6423,3.0
ec4ff9cb,3.0
29ade093,0.0
fb80365c,3.0
d826a657,0.0
4ed199d7,1.0
16e70ecd,3.0
65032867,0.0
e8e49450,3.0
3ca5193d,3.0
b7a6b973,0.0
b21025f1,3.0
d4e209a4,3.0
350a31cd,3.0
61427571,3.0
1d1bf90e,3.0
9f1fd356,1.0
cff5a334,0.0
5fa1276b,3.0
423baca3,3.0
0ed88e7d,2.0
87a45840,2.0
2d6c11a8,0.0
ef5cc00a,3.0
831b7697,3.0
03bf2563,1.0
7b4a6f51,2.0
7aa5b557,3.0
33e4333e,3.0
6a01479a,0.0
efc0a91f,3.0
346ac291,0.0
01582211,3.0
43f41153,0.0
02490b06,1.0
28bf9492,3.0
ba4b3fa6,0.0
65439cb3,0.0
3bb34a96,1.0
1c0934dd,3.0
fdd082f9,0.0
1001b649,3.0
f942cfef,0.0
ebd4930c,0.0
cef0dd4c,3.0
01f71702,2.0
fb4045e5,3.0
58171fb1,3.0
9e6dbb51,3.0
c4782d5a,3.0
56c0d6a7,1.0
0fbc47c6,1.0
91874264,3.0
e9195677,1.0
8b2b4e5d,1.0
fa342fde,3.0
8aad00ce,0.0
a25e1ff8,0.0
469855bf,3.0
77f87dfb,3.0
dc9c4ca5,3.0
ee0a8206,3.0
8662d8cc,3.0
37123dcb,0.0
c7752ffe,2.0
e98977de,3.0
5f2ddd60,2.0
28ff0400,3.0
0b554988,0.0
2d968114,2.0
ca2cddd1,3.0
0e1506ef,1.0
1d05d451,1.0
db956066,3.0
d90a79db,3.0
b5bd937c,0.0
05aaa5c9,3.0
c8f13a56,0.0
b4fb5dfb,3.0
53858b6a,2.0
01120f12,0.0
cffa772d,0.0
a7bc00d8,3.0
9851f635,0.0
c69a028a,0.0
cc1b1d86,3.0
9d3cf746,0.0
453a7a16,1.0
1eb09260,2.0
276e06a0,0.0
47a769a1,3.0
35054b88,3.0
bf59e248,2.0
ef8bdbc6,1.0
6cb38ea0,0.0
345706ff,2.0
16de3583,3.0
4164f67f,1.0
54cd915c,3.0
1602ddbc,3.0
343f56f4,1.0
f0b74d78,3.0
bf8464c6,3.0
96bbb0df,3.0
1dac7b6e,0.0
6cb3b6cd,3.0
94634a47,3.0
8998116a,0.0
6c84fb8b,2.0
37326cf5,0.0
f5eff228,1.0
6a6c35f8,1.0
bc1d73e0,3.0
1d3532e8,3.0
b7204199,0.0
a9c43348,1.0
8e875000,3.0
c37c1c88,0.0
cabdfee5,3.0
c6107333,3.0
147bb360,1.0
01cc53f3,3.0
30671559,3.0
c328345f,3.0
e40e942c,3.0
40488e96,1.0
b76bb15a,1.0
fddf4b1e,3.0
ebfe25dd,3.0
a72ece94,1.0
4065fabf,1.0
7e6964ce,3.0
569a94ba,0.0
be912473,3.0
04fa906f,3.0
70b94d55,2.0
772c8f0d,0.0
6c9a1a30,2.0
110da640,1.0
5b3dbf56,3.0
6dd3f806,0.0
87b19920,0.0
68521146,1.0
292075c1,3.0
93a4a780,3.0
46438b84,0.0
b6042d9b,3.0
2e4594b0,1.0
34790713,3.0
1d62a6b5,3.0
26684ff9,3.0
92f09423,3.0
dc4c4af3,3.0
8cc4c561,3.0
dc35eac5,3.0
65efddea,3.0
62b5ecea,0.0
d4d89880,1.0
a929c6de,1.0
f527a1b8,3.0
4d290430,1.0
ec3e40a2,0.0
895927b3,0.0
13e4f56d,0.0
79b2dd87,3.0
8efa61bb,3.0
eac93c2e,1.0
e956f9b5,0.0
ed637686,3.0
7b3a1765,0.0
cbf2f524,3.0
571db614,2.0
57233eef,3.0
56766fb1,3.0
d7df36c5,0.0
67e8e6a2,0.0
d2df572b,3.0
aae3e44b,2.0
e33cdec9,3.0
dbc27a36,3.0
44047e6f,0.0
b9d60db3,0.0
fcfefae3,3.0
ac88e56b,2.0
8d3eab92,2.0
77e2fb43,0.0
04616599,0.0
f88f8adf,2.0
6e70ec3c,3.0
53e3a945,1.0
e38e067a,0.0
8cae23a1,0.0
6566d48b,3.0
53c7a93d,0.0
1d6f86cc,0.0
bbea0590,1.0
3e1be597,0.0
3f2a92e1,3.0
dfc6d778,3.0
6ce4a862,1.0
08d50b54,3.0
e28a1d8f,3.0
1eb38a34,3.0
72c418b0,3.0
dbbbff10,0.0
c6894cbb,0.0
001d0ed0,0.0
b3c7e06b,1.0
7f96b10e,0.0
e4701fc9,3.0
06906111,3.0
b5dc1346,3.0
aa9b5a05,0.0
2a254497,2.0
3c78ea4f,0.0
844bb0b4,0.0
f43735f1,3.0
e487fae3,1.0
509add71,1.0
f923bd42,0.0
6be5cc19,3.0
14c523fa,0.0
5aa6b59b,2.0
e2823ad2,3.0
205cf211,3.0
3ae52929,0.0
e484c13a,3.0
04963bef,2.0
8fabc729,3.0
9d570bf2,0.0
00691033,0.0
3673020a,3.0
e3d6c273,1.0
1edb7aef,0.0
5e556cb3,0.0
55504fe9,3.0
75a9369d,2.0
9fd9808c,0.0
453378ee,3.0
11bbb62a,3.0
3bb33286,3.0
698c0f0a,3.0
80113e7b,1.0
1659fa60,3.0
fa980b6a,3.0
c3781454,0.0
66eeb756,2.0
a7058606,3.0
1f1a9eb0,0.0
d72a8a16,3.0
0f0eb744,0.0
b85017bb,0.0
88c4aad2,2.0
1cd01bd6,3.0
992cd228,0.0
9bcbff3c,0.0
8c32da4e,3.0
e355a371,0.0
b969695b,0.0
139d4500,0.0
35a11691,2.0
6725711f,3.0
fc20de6e,3.0
c1029b32,3.0
88413f33,3.0
9c02c579,0.0
d8c059f7,2.0
f9eaa385,3.0
91c1fa97,1.0
9018e903,0.0
949501f5,0.0
18c880c3,1.0
0e02f80d,3.0
1a20ab68,3.0
efc5cce5,3.0
1b48736b,3.0
c97381d8,1.0
c15861a6,1.0
199e6765,0.0
4252cdf2,2.0
3caf9db4,3.0
03957682,3.0
ca454cd1,3.0
885dff64,1.0
f0c64aba,3.0
fa5bd0d1,0.0
3d50f182,0.0
83f42535,3.0
268e407b,3.0
bbb8a727,0.0
d1cad722,0.0
c5db423d,2.0
302d600a,3.0
21e1d6a4,1.0
f0102f91,3.0
d5dae1d0,1.0
861cf8d1,0.0
6ec156c9,2.0
2d4a9118,2.0
dc4409c4,2.0
d0dfde02,0.0
8a390157,0.0
07731248,3.0
2d2b92b0,1.0
0db9cfbb,3.0
0b7ad11d,0.0
3e245bde,0.0
4a35a542,3.0
159d25aa,3.0
fd019f7e,0.0
8188b29c,3.0
b73240bf,3.0
30eb551d,2.0
dcfd93b6,1.0
59f20c60,2.0
dd51a82b,1.0
75f99b94,3.0
f7281d04,0.0
639e98d0,0.0
878e4978,0.0
7b1205ca,3.0
33ccb073,1.0
48c807f5,0.0
172eb0d1,3.0
476887bf,3.0
7c33a8a0,0.0
cd65e1a5,3.0
cecfb2e3,1.0
7da34077,3.0
f035b073,0.0
add720b7,0.0
7cb87cb2,3.0
beec2ad7,3.0
a67d922f,2.0
d525f381,1.0
c466849a,0.0
5e63b60b,3.0
81c045d1,3.0
1e992f25,1.0
315861e9,0.0
67f82f44,2.0
6b61f8a6,3.0
04f8b246,3.0
8ca682a8,3.0
4675f017,0.0
19d1cedf,0.0
2fcf1bec,3.0
3470ed15,0.0
bf1b624c,3.0
48784801,3.0
0160e7c5,1.0
3f5ca606,0.0
f77917c4,3.0
f7cb578d,1.0
7165c133,3.0
277104d1,1.0
5cf4bae6,0.0
773e4624,3.0
577b3c18,0.0
37feca2f,3.0
ab1064f1,2.0
52d0c0c7,2.0
0235fe9a,2.0
1b80bbff,3.0
62c59ea0,2.0
3976c33d,3.0
1c67d188,3.0
b0b1636e,3.0
10ac4a88,0.0
376980a2,1.0
ffeb0b1b,1.0
d6425070,1.0
ebc72f77,3.0
c0c03f97,2.0
6743485b,3.0
02c975bc,0.0
7b0a2f02,3.0
0bb876f0,3.0
4be4c96c,3.0
4f7942c8,0.0
a1591207,2.0
e95be5c6,0.0
2f7f616d,0.0
c5583010,0.0
cf9c9fd0,0.0
3a509a6a,3.0
16eb8609,0.0
e058e38d,2.0
37795aab,3.0
0bbdf324,2.0
c364f5e2,3.0
65f600ee,3.0
d7c68978,3.0
75713c5d,0.0
48c3d7aa,3.0
022183ab,0.0
6f4215c3,2.0
4ffde700,0.0
d7a7d6c3,0.0
e516e735,0.0
78564920,1.0
b99dd239,3.0
c8ba3b65,3.0
00ad158e,1.0
913fdbb9,3.0
16342c61,0.0
34217050,0.0
8b2e60f3,1.0
ddc2abf5,3.0
d59ec771,3.0
e6ef3830,0.0
c99769e8,3.0
269eca6d,1.0
466a6ad4,3.0
051794c4,0.0
5a8e82aa,0.0
b09b988c,3.0
b7063c97,3.0
9aff7d33,3.0
d67f47e8,3.0
de7959ca,0.0
86a712b8,3.0
b38deddb,3.0
76b2f931,3.0
82bdbf73,1.0
f22b3fc9,0.0
117a6053,3.0
fa5ccd39,3.0
f9616a36,2.0
ea5ad444,3.0
dc135773,1.0
f51a89d9,3.0
3f0c9e15,0.0
8fc9184c,2.0
e92114b0,3.0
91052f2a,3.0
b7f3bd9b,3.0
167e023b,2.0
f8398bb7,2.0
d7b26738,1.0
4cf02ca6,3.0
07921f07,0.0
d11f0e4d,3.0
cb4d8688,0.0
a780cada,0.0
1f1e4dec,3.0
1ada7dc9,0.0
2cd0e982,3.0
2414a83a,3.0
45feea5e,0.0
fce2b016,0.0
8b420df0,1.0
4425b524,3.0
e2382f89,2.0
50e767ea,3.0
a22dc96c,0.0
7daa13ee,3.0
58f970fb,3.0
7e9b82f6,1.0
a771fa36,0.0
7b97ac7c,2.0
36ef852b,0.0
97095f8d,0.0
a417c47b,0.0
b7dc990a,3.0
a1d55511,3.0
47bc1960,3.0
633aedfd,0.0
efd6efba,3.0
59d9c2e8,3.0
74a62dac,3.0
6201036b,0.0
7dcdf897,0.0
219a2006,2.0
b715f8e6,2.0
ca83c2a7,2.0
191cf026,3.0
2b68a5db,3.0
93f009a1,3.0
05309abe,3.0
7cad6f34,2.0
db14d65a,2.0
df3b1933,0.0
6db635f0,1.0
59d77b78,2.0
6b609511,2.0
5cf8375a,0.0
60496d03,0.0
99c124ae,3.0
fdf4eb95,3.0
cac43a66,3.0
1a733fdb,1.0
62b1fa70,3.0
b0784ced,0.0
0d5a1a5e,3.0
c145f21a,0.0
cb8fb535,0.0
356672a8,0.0
c3157adb,3.0
6c548956,3.0
5d9d0eee,3.0
0925babb,3.0
f6ec5963,0.0
1385c007,0.0
a802b501,3.0
f5b609e7,2.0
f611091e,3.0
5e9f2830,0.0
96d32d4b,3.0
e23a393a,1.0
1a97afc6,3.0
1df1f92f,2.0
52518080,0.0
09bbf58e,2.0
27c14aa4,2.0
417f80aa,1.0
c9e85ef4,3.0
76647218,0.0
73d1f78d,3.0
56782fc6,0.0
b5d959ff,2.0
b5f68438,0.0
bd8a2567,0.0
37acf253,3.0
b2971d2e,3.0
a6a004af,0.0
bde895a8,3.0
57eda835,0.0
78092129,3.0
97a3004f,3.0
523082ff,0.0
e643a60b,0.0
29fdbcc5,1.0
1bfe38b4,3.0
62a24831,3.0
b01dc914,3.0
91455758,3.0
12356ffe,0.0
2d08cc18,3.0
b4dc899c,1.0
344fd656,0.0
7a220a9f,2.0
3eed9fc8,1.0
c8485072,3.0
908db0dc,3.0
51950157,0.0
ed5b26f8,0.0
245709a3,0.0
72b629bb,3.0
41727892,1.0
9eb462b4,3.0
13655d9a,3.0
cc84422d,3.0
878b0eed,3.0
3910f0a9,3.0
7a29fd6c,3.0
54dbc8c7,3.0
b0da2d92,3.0
606a3397,0.0
5115d8a9,0.0
0ef62aad,0.0
a7ee4204,1.0
d15edd54,0.0
d07d2274,3.0
84450571,0.0
c8c97ecd,0.0
dbec85cf,3.0
6b809261,3.0
7d67e606,3.0
69392d5c,3.0
f9c704bd,3.0
406ebb06,3.0
4da2e262,1.0
549cd3e0,3.0
f91e4432,1.0
c9da33de,3.0
55a040e7,0.0
9cc81584,3.0
6d4cfa72,0.0
8e6a9141,1.0
f070430e,3.0
06a6dea0,0.0
aeb1cd2e,0.0
a1017fc7,0.0
a1e978d1,1.0
9b9dad66,3.0
370b33d6,3.0
3853cc65,3.0
9500bc63,0.0
86a9b9cf,3.0
0dd5afc5,0.0
9351f85f,3.0
a22f8d18,3.0
44fcc60a,3.0
9d54a178,1.0
9a898bba,3.0
ae11fd53,3.0
5cb2acae,2.0
9da54fba,3.0
1d27c2ca,3.0
4dd5cf19,3.0
941dba20,3.0
2a59981a,3.0
85099eda,1.0
9f45f1b8,0.0
272d77a3,3.0
0006c192,2.0
a001a617,1.0
56c6661f,1.0
caf8d99b,3.0
c49916d3,3.0
e6ee06c8,1.0
b1d58078,0.0
af72ca25,3.0
8fdabccf,3.0
b29fa2e9,3.0
98c28220,3.0
4b85deb2,0.0
01d5e1f5,0.0
968d3ca7,3.0
54752410,1.0
1bcc13f1,2.0
e5152839,2.0
63e80d35,3.0
18310132,1.0
4cb8de06,3.0
fbd65c1a,1.0
9499c085,1.0
e2d5312d,0.0
fa3d2498,3.0
01bdd720,3.0
73bcfbe9,1.0
1baa26ab,3.0
bb226e56,1.0
a9405bbf,3.0
d07a1df9,2.0
ff7fb595,3.0
2eea0b01,2.0
6cdac1d9,0.0
35a0efa9,3.0
6570dabb,3.0
f7000193,3.0
34d1f794,0.0
bbb627cf,0.0
b6f1ae90,2.0
ad9d07d6,3.0
410acfec,3.0
9732f103,0.0
bfc5a600,0.0
18752175,3.0
cf721e87,1.0
ee0cc460,1.0
f9436b97,0.0
f4afb302,1.0
996c185b,3.0
8ebf3aaa,3.0
56565567,3.0
afa80e96,1.0
10224630,3.0
930bab49,3.0
42bcb537,0.0
4b02b17f,3.0
e2589236,0.0
e8d98c5d,0.0
eb77f1e2,3.0
a7a2a2a3,3.0
a573da46,3.0
2ff4c220,0.0
3b4db17f,1.0
10337552,3.0
4cea14e0,1.0
7fc8cd95,3.0
a6eb1072,3.0
45341994,3.0
aa982f7c,3.0
98416c8e,1.0
b5c32423,3.0
46d3e867,3.0
db5061a7,0.0
eca84be8,0.0
9335712f,0.0
b649be5c,3.0
6bd53807,3.0
b4118d3a,0.0
c551acf3,2.0
fa6b6d3a,0.0
29d0fbd9,0.0
353622fd,3.0
55dd152a,3.0
c6ddded3,3.0
88f20d9c,0.0
0642544a,3.0
16e2f82f,3.0
16f08e23,3.0
3812b497,3.0
fed331e8,3.0
d9a10d3b,0.0
893fcac6,3.0
48fc4ec4,0.0
17e0d33c,0.0
94d856a4,3.0
32bc358e,0.0
d2993375,3.0
ed84f10a,3.0
2e17f66c,3.0
b9aed3bc,2.0
bde316bf,1.0
5ded4797,3.0
1123e9b8,0.0
435a9b05,3.0
23c20838,1.0
c67acb8a,0.0
38664000,3.0
22cf747f,3.0
a6c501bd,0.0
ba7480af,2.0
c9741f26,2.0
0ca9ff42,1.0
5917d93e,0.0
bc0b2cb4,3.0
f8065f08,1.0
cc98145d,3.0
1e90d6cd,1.0
7b7fc9c4,1.0
076b08db,3.0
f8ac6a94,3.0
cccf3bec,0.0
7cf8e56c,1.0
3148d250,3.0
eeb1298f,3.0
665d6f4f,0.0
ef892b63,3.0
b0d0cedf,3.0
838d3aa9,0.0
47358936,0.0
4c5f57f8,3.0
31eb2c13,2.0
fce59b03,2.0
f6f9f520,0.0
aa8868b7,3.0
2a5c9f6b,2.0
3ddc5f3a,1.0
b244599b,3.0
d83abfbe,2.0
80bbca3a,3.0
0c11e6a6,3.0
0f11e020,2.0
01825124,1.0
c6e73fcc,3.0
6b46516b,3.0
c342556e,0.0
8c0c78bb,3.0
a4e62501,0.0
a7d1a518,0.0
f01f1359,0.0
916896ed,3.0
be368cfe,2.0
770e380c,2.0
61226994,0.0
12887b75,0.0
2a5e1f5b,1.0
1c8e6bcd,3.0
56a14d3f,3.0
2e45fd1f,0.0
5484f705,3.0
1a641f93,2.0
c7225794,3.0
3c2b3d0a,2.0
f24eec67,0.0
1dbbd324,2.0
947a7ffb,0.0
3eb3ec97,0.0
84b67881,3.0
93fbdab7,1.0
3b9394a9,0.0
2055a59a,2.0
04f2cf8f,1.0
296f8e73,3.0
721a3c54,3.0
a9ace409,0.0
56579682,0.0
fe191c4a,3.0
b104e566,3.0
6beaad3c,3.0
3a1f7bd9,2.0
876f4411,3.0
75400a04,3.0
d3c019ab,2.0
4385cb42,0.0
3f12d244,1.0
71916516,0.0
ebe34819,1.0
a06d191e,0.0
9f07096b,3.0
0a0957ca,1.0
f7b7b42b,0.0
dd598630,3.0
bcca3b6c,3.0
47af5391,3.0
fb525d69,0.0
d93e5cb5,2.0
0b51fa75,3.0
7a6c8555,0.0
3dfd1caa,3.0
15ccb431,3.0
a39a0966,2.0
20a0601a,3.0
adc9de7f,0.0
edccd269,3.0
c1d732f4,1.0
95b69942,3.0
f9ee8e22,1.0
e80a8129,0.0
fc48b6a0,3.0
2ec486c2,3.0
45e5c88e,1.0
5b46d200,0.0
7319ad39,3.0
25880efb,0.0
77d6364d,0.0
02aa515f,0.0
a00052fd,3.0
1adab037,0.0
37b774ad,0.0
9045746c,3.0
25016398,3.0
85ef9a48,3.0
925782e3,0.0
53613260,3.0
bc2e3933,3.0
da16274c,0.0
9a702a86,0.0
e48333cc,3.0
670db398,3.0
6273bfa9,3.0
5e179a3f,0.0
9f9ec591,3.0
d9bdef64,3.0
8d509a47,3.0
4519be7f,1.0
8dbdeaf1,3.0
fc1be71e,0.0
af75ab4d,3.0
f2b2a1dd,0.0
54413e4a,3.0
fca01871,1.0
e881e420,3.0
77612f49,0.0
8e271d4f,1.0
2085fc24,3.0
7d8b4535,3.0
21b9f1ed,3.0
a670ea3c,3.0
0b9885aa,2.0
27554b53,3.0
29e5b74b,3.0
fe769df4,1.0
25eb29dc,3.0
a5b8672c,0.0
9106e333,0.0
a62353e7,0.0
ecec1f19,0.0
f95f02d6,0.0
4a4d0da5,2.0
ea7ce1f4,3.0
2c3756c3,1.0
0ea6142a,1.0
a8fbe863,0.0
a21ff086,3.0
d0ee8089,3.0
318f8685,1.0
726c8027,3.0
118afe5c,1.0
12cd3afd,0.0
1bcc9937,0.0
0ab39a3b,2.0
15dc3a59,3.0
1a1ed230,0.0
36b3e7d3,3.0
445b1749,3.0
3b05218e,3.0
19a49ad4,3.0
b6dd907b,3.0
ac9eb068,0.0
bb7d1402,1.0
a7537ec4,3.0
925a1e53,0.0
09ffa409,3.0
801a2255,1.0
c4143e05,1.0
4f7d1579,0.0
1b5d07f2,1.0
7312a92f,3.0
94c4ed61,3.0
9d85b31a,2.0
467b7f27,3.0
86c360c0,3.0
d0fe2b52,2.0
75efcf65,2.0
ad754238,3.0
8413ba0f,0.0
ac5e1aca,3.0
a48ca5b6,3.0
81fd27d9,1.0
57fd310d,2.0
fe4a63a7,3.0
f1e61bf6,1.0
0cd05f81,3.0
49bcf879,3.0
52abfc62,2.0
5afa9cef,2.0
9bc1bbb2,2.0
0793409e,2.0
6fa808ad,1.0
90dcc133,2.0
41b5ad40,3.0
cd23cdb7,3.0
6f98b1a0,0.0
cd7cb46b,3.0
5c9615b9,3.0
ef835f0a,3.0
d4a4c143,0.0
a51df14b,1.0
9dc5f4be,3.0
576a5247,3.0
7fb8530e,0.0
74ff8033,0.0
fbea5f61,3.0
e389ef05,0.0
36f3e789,0.0
9c2f35fe,3.0
8416865c,2.0
3cdea815,1.0
55fdf49f,3.0
0e6fab41,3.0
7217511f,2.0
96760f80,3.0
3357f66b,0.0
448ae109,3.0
bd36b855,1.0
0281f6bf,3.0
f4a7aa55,2.0
1d69ae3b,3.0
b5925580,3.0
6cb73e9a,0.0
25f3145d,3.0
a8cded22,3.0
4be6d22f,3.0
e19cb37a,3.0
ff90db99,3.0
7f806609,1.0
8f9f91c6,2.0
ae207f64,0.0
d1a16d03,3.0
dbc95ac0,3.0
0d7a9eb6,3.0
33777855,0.0
00129856,3.0
572c3ef7,0.0
2b1e900f,3.0
f17c966f,3.0
342be259,3.0
1785c411,2.0
d047c626,0.0
f4352807,0.0
25202ea5,2.0
5e7aaf29,3.0
65868ac8,0.0
a51dc8fc,0.0
b37e2b2d,0.0
eb483200,0.0
7a21aadf,3.0
320de033,3.0
128cb8b9,2.0
d2919f05,1.0
0d09ed83,2.0
ae736213,3.0
229905d3,0.0
43b0c813,0.0
f6715a6b,0.0
13e74388,1.0
4da72fa5,0.0
2ed1a3fb,3.0
bcecdefe,1.0
9240496b,0.0
131b4d17,3.0
465cb954,2.0
d0818f77,0.0
eac8abf4,3.0
f767c1db,3.0
49d78969,0.0
b0ca8096,3.0
71bb1f06,0.0
1dfb04ab,0.0
191e6714,3.0
d4e21aba,2.0
37990ff7,1.0
348f93bf,3.0
031af3b8,3.0
4c9ad500,0.0
1a7565ef,3.0
a3008e81,3.0
59c5096c,0.0
8be2eac8,0.0
09d4b5a0,0.0
4bcc7967,3.0
84574d49,0.0
9f1b9354,3.0
93dd3d0d,0.0
fa0b013d,3.0
e2f772e0,0.0
8c1105c6,1.0
7c83bc34,3.0
e4181bbe,2.0
4a426091,3.0
473b2671,3.0
2691f124,3.0
0d230220,0.0
8a8a3920,3.0
b48f90a2,3.0
df2f1b33,0.0
4bbf5c31,3.0
8c769312,3.0
34942688,0.0
d07024ee,2.0
4696a3f5,3.0
369a195a,3.0
4e7f77fd,2.0
60196474,3.0
eb007cfb,2.0
a78120a4,0.0
4daf4f50,1.0
c0ef85c7,0.0
574e795f,3.0
f2f6a36a,0.0
ca51bf51,3.0
f9a8ac82,3.0
559e5434,0.0
3744efef,3.0
d8503f45,3.0
736ad54d,1.0
07efaff2,0.0
7d93d653,1.0
10189f14,3.0
8e7480c7,3.0
0bb3bb7f,3.0
52f9d617,2.0
e218e926,2.0
c61171f5,0.0
af038715,3.0
30a8581e,0.0
9d9b1735,3.0
c13cc0a1,0.0
f1b19758,3.0
b83e5ed1,3.0
2cdf2ff1,0.0
f2279693,0.0
592113fe,3.0
e8be7dcb,1.0
f4ccdb2f,3.0
08a6814c,3.0
75fed899,2.0
7cd9b26f,3.0
36a50492,3.0
cf0df157,3.0
bcc68b76,1.0
aa619097,1.0
e9154381,1.0
2b025506,0.0
4775d72f,3.0
3f1c32d7,0.0
11c7b926,3.0
1410894b,0.0
76cc60b1,0.0
b26bb86f,3.0
b6abc0c2,3.0
8bb4a27f,0.0
4c1eafc0,0.0
8b2c4a58,0.0
e3274476,3.0
826668af,3.0
0e6ce372,0.0
80f37251,1.0
259dbafb,0.0
b59c09b0,2.0
ef9e0144,3.0
e321082d,2.0
3e8a51a6,3.0
e19d251f,3.0
3a36ef30,3.0
8c546776,1.0
0e792a70,0.0
7172e2d5,0.0
5b4e76b9,2.0
9b73ad25,3.0
6efb78ab,0.0
317a9387,3.0
445c959c,3.0
d76752ab,3.0
5a41b7cf,0.0
1c0c62a0,0.0
c867881c,3.0
350834c1,0.0
6a5285db,0.0
a0874395,3.0
8c225651,0.0
1487877c,0.0
1d019430,3.0
d04adc67,3.0
788f4730,0.0
30610304,3.0
35289c91,0.0
cd007774,1.0
af445fcd,3.0
972011af,3.0
899c8978,0.0
7a32add3,0.0
6eecfc63,2.0
c26ae2a6,3.0
3e6e65d9,3.0
0a00abf7,3.0
fb3570a9,0.0
b4bea4fa,3.0
ddd7486f,3.0
4dab38cc,2.0
52055310,3.0
2c8c7952,1.0
7c58f35b,3.0
ccd3f15f,0.0
3ec203e4,3.0
7cea4e3e,0.0
7903cda1,3.0
87964aeb,0.0
2bda292e,3.0
b11194e8,3.0
91654768,3.0
62063ae3,1.0
b3bbe930,1.0
003372b0,3.0
26998071,0.0
08df9f9c,0.0
79be35c1,0.0
ee34aff2,3.0
27ff6e96,0.0
7a7553dd,1.0
b0b6f430,0.0
a959a629,3.0
6c2b0e3c,0.0
3ac7783f,3.0
5a9ee298,3.0
5fb6ef75,3.0
0a2bea41,3.0
e288dff8,3.0
26ab8f19,3.0
54b76deb,3.0
026e3733,3.0
fe1a1d3f,3.0
191b94d8,0.0
05239f3f,3.0
453b2148,3.0
d138643b,0.0
bba2e939,2.0
00667b88,0.0
a6139da4,2.0
b180ba54,3.0
b23a1d05,1.0
137ed46f,2.0
55fc4929,3.0
d5a61500,0.0
81a15267,0.0
eb3457e8,3.0
3d55295d,3.0
78ffd4cf,0.0
0cf2a23c,1.0
a62e3878,3.0
a836f339,0.0
4d7d3d97,0.0
85fca4b9,0.0
8a530ffd,3.0
a0b29bd2,3.0
4ffca9fc,0.0
0cb56246,3.0
2bbb8433,1.0
32c2b121,3.0
55b2791d,1.0
5769aa31,2.0
b6050bfe,0.0
c49b7750,0.0
2a704e84,0.0
3ab58ab3,3.0
00b9d8e6,2.0
1e3ea087,0.0
e7c41985,3.0
a3bb1750,3.0
323c7403,3.0
7165fcc4,3.0
c55b7ef9,3.0
ff00d909,3.0
8058480b,3.0
6706f322,3.0
2505e76e,0.0
525d14d8,3.0
f0478d5a,3.0
47136c04,1.0
d17c35da,3.0
31f90c23,0.0
a007a374,3.0
bd419530,2.0
5ab61e13,0.0
ff882868,3.0
72c37629,3.0
f783c349,0.0
e37d480a,3.0
f14c2107,2.0
f9254950,0.0
abcdc12c,0.0
23250900,3.0
571a1dac,3.0
4ba2b4c0,3.0
b46e988b,2.0
efadc70c,3.0
652aba99,2.0
c6d45de8,2.0
a59f2320,0.0
c12b3b3c,3.0
d94d8d83,3.0
1b2ebc1d,3.0
10f22a60,3.0
e96f8e66,3.0
4d4c7ba9,2.0
077b3c9c,0.0
596396e3,2.0
5e772257,3.0
22ea7daf,3.0
9c50720e,0.0
f287c493,3.0
10b85970,0.0
088caf6e,1.0
35e704e6,0.0
053e6353,3.0
a46146c4,3.0
0bed589b,3.0
a5c497d4,0.0
1b296f31,2.0
acb01cda,3.0
1d40ffac,2.0
b5f2a931,3.0
c02034f4,0.0
7ff12100,0.0
94a457e0,3.0
958ae13e,0.0
88f96a0b,0.0
52a67a5d,3.0
4972cc53,3.0
e69ae425,3.0
07be824e,3.0
5d7c762f,2.0
9d6ee5ba,0.0
a680eb5e,3.0
9abb6144,0.0
aeddf5fb,3.0
22c227cc,3.0
3dbdfa87,2.0
82fbc27e,3.0
cc233686,0.0
364d1a28,0.0
cae712b2,0.0
f35fb7aa,2.0
f4ef8839,3.0
cb956815,1.0
d7690f4e,3.0
d0262962,0.0
66c99b53,2.0
b6065b2e,3.0
b68959dc,2.0
11ec8e57,0.0
81bc4ddf,0.0
88efe794,3.0
1c3d7cdb,1.0
427d2fc9,3.0
d9dc24f8,3.0
7f894163,0.0
de401730,1.0
30899e57,1.0
d69e722f,3.0
977a152f,2.0
cd6d8199,0.0
63c22d1c,3.0
f4229c2c,0.0
4db1e993,3.0
b272619c,2.0
77ae184b,0.0
2f322c2c,0.0
e3836659,3.0
215cc688,3.0
010bc1d5,0.0
98102e27,3.0
e3e2cd85,3.0
6caed7a4,0.0
00fc65b6,3.0
7619a60d,2.0
391b2423,3.0
96b48ff2,3.0
371a7c29,2.0
acbaf3f2,1.0
96aee877,3.0
974f3d6e,3.0
6f1e2833,3.0
bc0fa00e,1.0
3d474419,2.0
29b1134f,0.0
47dc8ea8,0.0
5ca281b6,3.0
7ac179e0,3.0
d5ca4d10,0.0
edba93a2,0.0
9f2611ac,0.0
f7b6b46e,3.0
1420bbcf,3.0
8bdb5876,1.0
6f98a63e,3.0
01faa4bf,3.0
fc3a02a4,2.0
daeafdfa,1.0
7201cac1,0.0
749a09fb,0.0
09296168,1.0
99a1ca54,0.0
73466673,3.0
8c20d205,3.0
a7d005e3,3.0
87c88fcb,3.0
75109c77,0.0
665796bd,0.0
2f716330,2.0
02cdd48e,3.0
c5287b60,0.0
051bc5a5,0.0
57294a5b,1.0
63f06c73,3.0
dceb7e79,3.0
8d9d9212,1.0
e1f65473,3.0
904c325c,0.0
d2f30b4a,2.0
cd0559ed,1.0
1e9f5b6b,3.0
d343cb7a,3.0
186e87c9,3.0
914f557d,1.0
4ff1d5bb,1.0
c65b945a,3.0
00a0dbeb,0.0
f120e264,1.0
afba76f6,0.0
144c4f85,3.0
7cea9afc,3.0
36be6a97,3.0
4675113c,3.0
55617f16,2.0
3844eaca,0.0
7a1baef9,3.0
56a011cc,3.0
0cb081d8,3.0
e116cf1d,1.0
e8350362,3.0
1d9eefc1,0.0
9432d057,0.0
e88d36ad,0.0
063405ff,3.0
c70744f9,0.0
bc36b92d,3.0
fcb077e7,1.0
ae63dc94,0.0
763ac0d2,0.0
6efefe19,1.0
a3d8d24c,3.0
3f10048a,0.0
9ecbe551,0.0
9510fa41,3.0
86a5f419,3.0
6263cc1b,2.0
5b20dbe0,3.0
b208b8a8,0.0
eb036a10,3.0
52a93977,0.0
0d5a0603,2.0
21b6035c,0.0
5ffe800b,1.0
ed08a824,3.0
4253aa95,3.0
113e6e4d,1.0
7fb71751,2.0
fb7322e3,0.0
5b19c8d2,1.0
38d4594d,3.0
c7e523f1,3.0
a5a89708,0.0
d3dba250,2.0
8b14c704,1.0
ec0a422c,0.0
f4b9e28c,3.0
87111ddc,0.0
5d99d6ed,3.0
eabb2fd2,3.0
3ebd4081,3.0
5ecb103f,2.0
1150ce68,3.0
211c5b5b,0.0
d0916f81,0.0
65c8e9bc,2.0
3c2dfeae,3.0
fa2d0261,0.0
2f44d796,3.0
14e3bbbe,3.0
00fa8681,1.0
5218910d,1.0
d615a88d,1.0
59a6b942,0.0
70804261,0.0
1196d776,0.0
bd8dc241,3.0
e53f6051,3.0
21d386f1,3.0
7b9de359,0.0
7d5d107f,2.0
f4dc0ab8,3.0
cf6792b9,3.0
bfc33db0,3.0
b3f85c9c,1.0
4a58572c,3.0
fb759fb6,0.0
a0657480,1.0
6df65f68,2.0
53b23eb8,2.0
3da950e8,0.0
365bdd63,0.0
07b3fc17,0.0
b204dbaf,0.0
03d15b59,2.0
9b075a0b,0.0
c75b315b,1.0
a2170e35,3.0
51aefc79,0.0
091f80a9,3.0
19d7f303,3.0
803e034b,0.0
ebe008dc,0.0
9d8176d8,2.0
c8483153,3.0
97a4b061,2.0
fc2aa3b2,3.0
f1ddb437,3.0
f97ffbc7,3.0
4b1c8d27,0.0
7c1f436f,0.0
b5a56769,1.0
b780f63b,1.0
ff24ea49,3.0
15785cc9,2.0
21e844ce,0.0
f83f0250,0.0
f4839ac3,2.0
ccbbf5e4,3.0
f3a60952,0.0
564d99f7,0.0
506a27e6,2.0
6df25e1b,3.0
1ef92a72,3.0
8833c392,0.0
b68b9023,3.0
437b2a81,0.0
0938a8eb,1.0
be549423,1.0
aa1deea9,3.0
7cd635d2,0.0
379c5ab6,3.0
b04ad194,3.0
fb43d420,0.0
e1a636c6,3.0
315b2c14,3.0
19e0a1f7,0.0
9a31bcac,3.0
c12bb310,2.0
3d30888d,3.0
ef568897,3.0
e78c1ae6,3.0
f32a1540,2.0
b19aaf93,0.0
e2448715,3.0
d628cbf9,3.0
86639018,3.0
917de017,2.0
21608806,1.0
561e5839,2.0
6ae5ac49,3.0
0b105ef6,3.0
6175c31b,3.0
444deed0,0.0
fa8f4336,2.0
4efa8dca,0.0
d6756b43,1.0
55450625,1.0
b823115c,0.0
6b39c5c8,0.0
eff4be91,3.0
28351d4e,3.0
70dc0b85,3.0
7a67a49d,2.0
8276c72f,0.0
ea49ea9c,0.0
ae8e23f7,3.0
712548af,3.0
6d1d56f5,3.0
fd02a7e0,3.0
b4d9137f,3.0
a5c8a5a0,2.0
0c565b53,0.0
f18cb3e8,3.0
b8bab5c6,1.0
4871d839,3.0
4f13440b,0.0
e610cad0,3.0
161bd6dc,0.0
d6cc595c,0.0
31e7f05b,0.0
57dc7d3c,3.0
283b890c,3.0
28be351b,0.0
1ab42a64,0.0
e591d6df,1.0
1a7061a0,2.0
f24a62ba,1.0
32f39539,2.0
dc683d03,3.0
8ca7db4f,3.0
41013a7b,0.0
534a7944,3.0
6374cc6c,3.0
3ec1f21c,2.0
48c6ff25,2.0
69761854,2.0
911d567e,0.0
a3e5afd3,3.0
a2cf1805,0.0
eb016600,3.0
a8f32777,3.0
e4c47447,3.0
dff9d979,3.0
465c4f74,3.0
bac91c32,3.0
29a8065d,3.0
b4674447,2.0
4026e5d9,3.0
6fdb3384,1.0
bdeb285e,0.0
a9d4a8a7,3.0
b46476f0,3.0
45f35b9a,3.0
08062502,2.0
c03c8bd1,1.0
772c4301,0.0
68068902,3.0
850afece,0.0
c7c68f00,2.0
17356e54,2.0
de44aaee,0.0
17be17ac,0.0
8ff4386b,2.0
a30c574e,3.0
ceb09157,2.0
31f89b19,1.0
b11b28e9,2.0
d62d3ec6,2.0
3e46891c,0.0
85221de8,0.0
a4e98645,0.0
14e608e2,0.0
2970f996,0.0
4782c904,1.0
71c71b4d,1.0
2c2a886f,0.0
b5562c57,1.0
00cef781,3.0
a0e87d16,0.0
2eb66d90,3.0
6482e546,0.0
9933bbf5,0.0
2eb7fd3a,2.0
d4db7ff5,2.0
87df8bf7,3.0
69ffa407,0.0
9b55ca4a,3.0
a51d34a0,0.0
ed9f779b,1.0
fcd3ed61,0.0
7edc3329,2.0
f61e217c,3.0
00225f67,0.0
ad638efa,0.0
da800ab3,0.0
ccc19537,3.0
e6b90d47,3.0
6b9e91ba,3.0
6fd1f864,2.0
b770307f,0.0
bef913ca,1.0
30fa1043,3.0
76f921f2,2.0
2bce37dc,3.0
701a670b,3.0
075cbae2,1.0
6c26436d,0.0
4b6e3d98,3.0
6ee35159,2.0
6df38079,3.0
d2d60c62,3.0
79b96c91,3.0
215ff509,3.0
0688471f,1.0
a39117b1,2.0
d6e1012c,0.0
94682551,3.0
b20748ca,1.0
6c91d4d5,2.0
68055d28,3.0
77f64809,0.0
4b5b02f0,3.0
3d953af1,1.0
3a53d91c,0.0
8b4190bc,2.0
015776b4,0.0
f021cf50,0.0
ce6cb76e,2.0
5f0fe6dc,1.0
61816771,2.0
0a386c5e,3.0
97246355,2.0
706b422b,3.0
410cc577,3.0
3614c8eb,2.0
35bf830c,0.0
2f18de66,3.0
33cd1301,3.0
579e0dce,3.0
d81ed098,1.0
964f1083,1.0
3852ab9f,3.0
5560bc97,3.0
cb9576e3,1.0
a23af506,0.0
2672b955,3.0
57859a8e,0.0
3e7f4479,3.0
481f086d,2.0
6ea7da79,0.0
b406112e,3.0
533d6d85,0.0
524e8ffd,0.0
eb2e70c7,0.0
ab003782,1.0
6a0d6436,1.0
a9c55717,0.0
f11bec6e,3.0
711edce2,0.0
e15fdc64,3.0
43908faf,3.0
daed707d,2.0
fc3eae77,3.0
445672bd,3.0
370e92d3,3.0
4cb3c574,3.0
59d9a34a,3.0
e5b67876,3.0
51c8c346,3.0
a166602b,3.0
4ed5a555,3.0
d4332996,3.0
9f70bc9e,3.0
8c02d02b,2.0
e6ce8f3a,0.0
7bd17edf,3.0
4182245d,0.0
04a57775,3.0
afcd81b8,3.0
906b5d01,0.0
9409ddeb,0.0
c532a095,3.0
a1455ee0,0.0
5abfefe1,2.0
d68eabbe,3.0
fa283db6,3.0
2655d95e,0.0
0a45d619,3.0
cf4f94e3,0.0
dcf0d150,0.0
9d83722a,2.0
9d37b73d,1.0
a9627f2a,0.0
97a67a5a,0.0
c6b028c0,1.0
baa1cddb,3.0
f4c1d6dd,3.0
99e0c131,0.0
80bddd3f,0.0
99f0a1bb,0.0
4efc02ba,3.0
6bbf7b4b,2.0
58a307bf,2.0
03560e11,2.0
4db49f82,0.0
a8fcabff,3.0
e52705a5,3.0
8e635c60,3.0
8b907366,3.0
8b9047ab,2.0
a9c289db,0.0
24b7cbeb,3.0
910cd44d,3.0
b6db3e5b,3.0
42c0071a,3.0
9a19c08b,3.0
fb9cae89,3.0
4e47282a,3.0
1bc822b4,3.0
38d2d438,2.0
fcecab06,3.0
2d1f55ad,1.0
03401e19,3.0
a6ff7d1f,1.0
f3e9744a,2.0
93d145fc,3.0
610822ed,2.0
0ceb6116,0.0
e83f223e,0.0
495b04e8,0.0
4ae4f953,1.0
56956e7e,3.0
b024c3de,2.0
d3f317c3,0.0
683d4057,0.0
3d2812a5,2.0
a1a88c49,0.0
2f607e24,3.0
b343a01c,1.0
00634433,0.0
6d495141,3.0
db5af314,1.0
a9742d69,3.0
1f96c571,2.0
473b3c21,1.0
ab4544f3,0.0
f95aacaf,3.0
1edcf8f5,0.0
1bb2e994,0.0
fb2d7ebc,1.0
5d583c6b,3.0
434b67ca,0.0
3261dd98,0.0
a07fb570,3.0
c7fcf68c,3.0
e9a48984,3.0
7e2499bc,3.0
7c13051e,0.0
0db380b1,3.0
0cc1d512,3.0
82e6bdf3,3.0
ed15bb6d,3.0
83dc2d72,1.0
e3d520fc,1.0
805e7b8f,3.0
9b5630be,2.0
68d82eb4,0.0
b6a5d024,0.0
6bb31f71,0.0
edaa20fc,2.0
fd99b7b3,3.0
79b416a4,3.0
4e5b0629,3.0
9b9090eb,3.0
e8b2f586,3.0
713092c0,1.0
3e5db1f7,3.0
338ddc67,3.0
e4ffc7d1,0.0
b7ce4c4b,3.0
89da02a3,2.0
47f2f126,0.0
9fc54908,0.0
38f278dc,2.0
6afcbf65,1.0
57ee528d,0.0
380dfa02,1.0
75eea838,3.0
6d2929b3,0.0
3e622d97,3.0
039e4ac7,0.0
fd1c8d0b,3.0
7bf09350,1.0
39cb30b8,3.0
1da24568,3.0
dfc85cd5,3.0
421782ed,3.0
11bde99b,0.0
2182993b,3.0
19219fcc,3.0
696dcabe,3.0
2f252c6d,3.0
dc99f858,2.0
ba90a47b,1.0
e349c70c,0.0
698543eb,3.0
b27716b8,3.0
064c24c0,3.0
62e8709f,0.0
c8e78764,3.0
2a222143,3.0
b84be4dd,0.0
64240871,3.0
c29d1104,1.0
143192eb,0.0
ef41c058,3.0
f825af75,0.0
3009466e,3.0
1db2b42b,2.0
5c845bed,0.0
4c8acb25,3.0
6f49cb7a,0.0
5f9f3835,3.0
fd997268,3.0
38c0b8f3,3.0
c991dfb7,3.0
a3af7515,0.0
72f3e247,0.0
95724e3b,2.0
1971b593,3.0
4f9c4e8a,2.0
ea161ccc,1.0
b1463850,3.0
cc91e7dc,3.0
02e76f43,3.0
3bb92342,3.0
f4fcab26,1.0
092691b2,0.0
2d8d1d30,3.0
79e757f1,3.0
4ae5c749,0.0
9776e3b3,3.0
f247e3d0,3.0
10629430,0.0
e5df3193,0.0
877b8977,0.0
9c0cb7c6,2.0
798fc4dd,0.0
2cb3f01f,3.0
a899ea39,0.0
42da42ea,3.0
27f4aef7,0.0
57bdbda7,3.0
3264c2db,2.0
f34adda8,0.0
ea234cf3,3.0
f0779cb6,3.0
9dbfa4da,3.0
3c7a8e1e,2.0
c2b54386,2.0
65185e9e,3.0
f97020a7,3.0
13f554bb,0.0
942bb3ff,0.0
eca8c9af,3.0
63b0b750,0.0
9ce2d074,2.0
dce08303,3.0
e20fadd5,3.0
3f0dca37,3.0
e1de0f0a,3.0
3677d381,3.0
de8e952a,3.0
d3790c81,1.0
955b4452,0.0
8c6e1b67,3.0
6d16b11a,0.0
1bf688b3,0.0
6e6ff2ad,3.0
19e806f2,0.0
2ac9d9d3,1.0
6f28047e,3.0
7954dfae,3.0
9f7d9123,3.0
ad8eb30c,3.0
7c524f89,3.0
04d77ef2,0.0
90986846,3.0
62a54ecb,3.0
1e234323,3.0
7c14c8c2,3.0
8f4c404c,3.0
b45ed384,1.0
48a48308,3.0
b1068394,3.0
f2841bf1,3.0
b8aca763,3.0
aff2929d,2.0
c1486ebb,3.0
c297f881,3.0
e373f3dc,3.0
eb386d81,2.0
0f331094,3.0
de3108c6,1.0
67d16378,3.0
66e2adb0,3.0
2b64115c,3.0
a8c41667,0.0
7257f1df,0.0
baab1dd8,0.0
8ffbc480,3.0
19197e5e,3.0
7bcaaa71,2.0
aa964878,3.0
89754278,2.0
7bff2707,2.0
5facd82e,0.0
c7c7197b,3.0
858acc59,3.0
fc771ea3,3.0
f4a16e21,3.0
66a0b4b1,3.0
7c2166a6,3.0
2f8c8aa1,3.0
28ade8fe,1.0
04de2aae,2.0
91957f60,3.0
52719bfa,2.0
8d25c890,3.0
afdfc39c,3.0
4b17d428,3.0
5b5226bd,0.0
c390c9f9,1.0
98c8e99a,2.0
6224274f,1.0
8c736b61,3.0
81179dd0,0.0
7b9e1808,1.0
71226edb,1.0
3a3c4fb5,3.0
b32bc738,3.0
91a1819b,1.0
08df1cd0,3.0
eca4705a,3.0
b128c56f,1.0
d28885da,3.0
abbc7b07,1.0
e07b3f01,2.0
88bc9bbd,3.0
ce4eb68c,1.0
